segment_id,time_to_eruption
1000213997,0
100023368,0
1000488999,0
1001028887,0
1001857862,0
1003310246,0
1003545497,0
1004288653,0
10044968,0
1005166812,0
1005502784,0
1005767712,0
1005985933,0
1006013726,0
1006026494,0
1006540019,0
1007067208,0
1007233480,0
100741545,0
100781580,0
1008031106,0
1008453141,0
1008467020,0
1008990702,0
100924436,0
1009570124,0
1010782837,0
101092507,0
1010943716,0
1011004896,0
101110196,0
1011275894,0
1013422575,0
1013765862,0
1014679633,0
1016115878,0
1016184206,0
1017230048,0
1017425206,0
101767110,0
1017793579,0
1018339787,0
1018415836,0
1018835959,0
1019822001,0
1020904533,0
1021766991,0
1022303057,0
1022564826,0
1022792201,0
1022920538,0
102293055,0
1023129837,0
1023178939,0
1024202315,0
1025034217,0
1025592404,0
1026104909,0
1026215164,0
1026330044,0
1026893635,0
1027015334,0
1027196270,0
1027492850,0
1028291376,0
1028734549,0
1028909050,0
1028936480,0
1030142029,0
1030502977,0
1031020617,0
1031159375,0
1031162177,0
103255324,0
1033010545,0
1033712814,0
1034145574,0
1034149150,0
1034495604,0
1034575439,0
1034661081,0
1036359163,0
1036419067,0
1037409111,0
1037457727,0
1037866071,0
1037870582,0
1038229705,0
1038561162,0
1038795212,0
1039022988,0
1039467390,0
1040926190,0
1041238096,0
1042404145,0
1042683102,0
1042872766,0
1042966293,0
1044132676,0
1044145499,0
1044572708,0
1044918875,0
1044919243,0
1045961446,0
1046125885,0
1046298092,0
1047440176,0
1047553323,0
1048071171,0
1049029417,0
1049179883,0
1049458669,0
1049490456,0
1049718151,0
10500324,0
1051297459,0
1051723909,0
1052096870,0
105231979,0
1052598935,0
1053288769,0
1053506000,0
1053709012,0
1054155456,0
1054183033,0
1055110288,0
1055280734,0
1055292020,0
105565188,0
1055715186,0
1056283823,0
1057143322,0
1057565195,0
1057891675,0
1058184184,0
1058754098,0
1058988926,0
1060658700,0
1060731119,0
1060942736,0
1060953646,0
1061777512,0
1063352576,0
1063492083,0
1064227773,0
1065071029,0
1065179054,0
106530242,0
106558646,0
106685184,0
1066858964,0
106705133,0
1067398856,0
1067885278,0
1067970,0
1068098496,0
1068298311,0
1068515581,0
1069211376,0
1071550768,0
1071673479,0
1071727846,0
1072278088,0
1072995306,0
1074297431,0
1074331622,0
107456883,0
1074855139,0
1075283470,0
1075411242,0
1075732342,0
1076096350,0
107666202,0
1077472023,0
1079683965,0
1079951835,0
1080323153,0
1080844241,0
108203668,0
108213146,0
1082262945,0
1082864378,0
1083707533,0
108403661,0
1084397983,0
1084431292,0
1084581069,0
1085038607,0
1085084497,0
1085229280,0
1085510648,0
1085881951,0
1085882007,0
1085910515,0
108610409,0
1086569026,0
1086820883,0
1086962283,0
1087163936,0
108734762,0
1087612350,0
1087681649,0
1088360907,0
108885370,0
1088867007,0
1089106361,0
1089622428,0
1089767427,0
108980580,0
1091470526,0
1091631666,0
1091745945,0
1092124990,0
1092555354,0
109341864,0
1094588886,0
1094824382,0
1095039261,0
1095263306,0
1096077505,0
1096565436,0
10968059,0
1097472544,0
109822679,0
1099056611,0
1099388776,0
1099472249,0
1099564840,0
1100048277,0
1100276687,0
1100541264,0
110077966,0
1101672261,0
1102273593,0
1102402906,0
1102541950,0
1102809614,0
1102814669,0
1103082804,0
1103286910,0
1103368940,0
110350278,0
1103540935,0
110368744,0
1104014396,0
110406323,0
1105331011,0
1105982863,0
1106241100,0
1106563471,0
1107289052,0
1107461160,0
110836519,0
1108430240,0
110897870,0
1110364836,0
1111519643,0
1112589641,0
1112725405,0
1114166998,0
1115292010,0
1116004069,0
1116487834,0
1117004656,0
1117136867,0
1117195616,0
1117947416,0
1118238925,0
111846917,0
1118482512,0
1118815295,0
1118878688,0
1119261733,0
1119530134,0
1119629515,0
1120000702,0
112044852,0
1121880142,0
1122235886,0
1122555066,0
1122574109,0
1123664964,0
1124294151,0
1125699550,0
1126221533,0
1126641381,0
1126757306,0
1126796520,0
1126811259,0
1127832368,0
1128226922,0
1128498225,0
1129027163,0
1129221340,0
1130257145,0
1130720014,0
1131027065,0
1131427620,0
1131523873,0
1132295917,0
1132486761,0
1133082361,0
1134509383,0
1134521236,0
1134779082,0
1134883832,0
1135419607,0
1136836722,0
1138013832,0
113804746,0
1138064736,0
1138211675,0
1138486916,0
1138681044,0
1138720460,0
1138882964,0
113905839,0
1139237569,0
1139538400,0
113967173,0
1140820511,0
1140974500,0
114150551,0
1141520169,0
1143001734,0
1143047042,0
1144429601,0
1144656675,0
1145920557,0
1145967559,0
1146131621,0
1147881605,0
1148019708,0
1148541354,0
1148886023,0
115061644,0
115078097,0
1151049976,0
1151284420,0
1151324021,0
1151780520,0
1151992282,0
1152013551,0
1152212686,0
115221470,0
1152668140,0
1153463658,0
1153586106,0
1154474865,0
1155876159,0
1156025460,0
1156133043,0
1156478311,0
1156548075,0
1156784512,0
1156966312,0
1157350549,0
1157443909,0
1157809969,0
1158664242,0
1159089979,0
1160053013,0
1160686668,0
1160906376,0
1161198334,0
1162694155,0
1162779364,0
116365849,0
116412859,0
1164570156,0
1164715267,0
1164876923,0
1164894495,0
1164972263,0
1165406994,0
1165584264,0
1166172413,0
1166895244,0
116714199,0
1167639431,0
1167794399,0
1168308277,0
1168445787,0
116873459,0
116932311,0
1169334826,0
1169693633,0
1169771634,0
1170310305,0
1170579868,0
1170773819,0
1172563804,0
1173152518,0
1173279604,0
1173338218,0
1173516975,0
1174872667,0
1175203365,0
1175487443,0
1176993573,0
1177210685,0
1177454800,0
117774602,0
1177765216,0
1178028129,0
1178264982,0
11785683,0
1178816469,0
1179315785,0
1179497817,0
1179944784,0
1179960916,0
1180454807,0
1181120822,0
1182519191,0
1182614734,0
118297093,0
1183225535,0
1183600513,0
1183713026,0
1184105273,0
1184367501,0
1184815546,0
1185025081,0
1185534283,0
1185885556,0
1186834536,0
1187497833,0
1188079800,0
1188186067,0
1188231063,0
1188467144,0
1189196490,0
1189198101,0
1189882633,0
1190040870,0
1190219966,0
1191879879,0
1193115461,0
1193187793,0
1194642850,0
1194958720,0
119542887,0
119569312,0
1195836508,0
1195892797,0
1196305060,0
1196386464,0
1196398313,0
1196810623,0
1196813450,0
1197090770,0
1197154274,0
1197328245,0
1197569463,0
1198404856,0
1199075201,0
1199480876,0
1200859428,0
1201893930,0
1201963444,0
1202160868,0
1202189440,0
1202750543,0
1202918770,0
1202937149,0
1203069519,0
120316657,0
1203373488,0
1204016583,0
1204128117,0
120454717,0
1204737237,0
1205091053,0
1205814686,0
1206024018,0
1206424468,0
1206756635,0
1208065896,0
1208252310,0
1208345452,0
1208430866,0
1208675647,0
1208691081,0
1208693295,0
120889622,0
1209606062,0
1209790776,0
1209871661,0
1210342871,0
1210515418,0
1210587430,0
121085860,0
1211230421,0
1212010438,0
1212038117,0
1212393638,0
1212871042,0
1213127443,0
1213666714,0
1213765725,0
1214044895,0
1214397068,0
1214512952,0
121475135,0
1215991037,0
1216072355,0
1216317941,0
1217410402,0
1217791119,0
1217958703,0
1218603542,0
121911992,0
1220297658,0
122051198,0
1220917059,0
1221258426,0
1221362931,0
1221381426,0
1221406995,0
1221742539,0
1222133853,0
1222630615,0
122338420,0
1224205322,0
1224736611,0
1224847193,0
1225450532,0
1225520998,0
1225673768,0
1225840812,0
1226855510,0
1227089589,0
1227183385,0
1227712146,0
1227918139,0
1228233821,0
1228313403,0
1229009812,0
1229431653,0
1229460419,0
1229817590,0
1230316532,0
1230560682,0
1230621880,0
12309827,0
1231226440,0
1231697079,0
1231863231,0
1232186307,0
1232310261,0
1232747090,0
1233060596,0
123334209,0
1233647449,0
1234678578,0
1234833384,0
1235576648,0
1236374724,0
1237182936,0
1237264265,0
1237489984,0
1237986882,0
1238101011,0
1238654489,0
1239295802,0
1240184920,0
1240454739,0
1240523415,0
124066139,0
124328628,0
1243449859,0
1243513614,0
1243704000,0
1244408534,0
1244455578,0
1244480043,0
124472978,0
1244975691,0
1245849000,0
1245928502,0
1246132974,0
1246200476,0
1246951286,0
1247221245,0
12479934,0
1249055479,0
1250068289,0
1250716365,0
1251107473,0
1251617657,0
1251709691,0
1251949974,0
1252094896,0
1252411470,0
1252611069,0
1252816216,0
1253194264,0
125372216,0
1254351455,0
1254516631,0
125491337,0
1255059548,0
1255398321,0
1256099564,0
1256445965,0
1256468646,0
1256728657,0
1257383754,0
1257421212,0
1257915194,0
1260137433,0
1260653598,0
1261276830,0
1262162310,0
126243235,0
1262638334,0
126292191,0
1263184114,0
1263186436,0
1263652588,0
1264252775,0
1264402606,0
1264405485,0
1265147,0
1265410353,0
1265787223,0
1266205757,0
1266853094,0
1267527309,0
1267843838,0
1268690857,0
1269542859,0
1270927994,0
1271131167,0
1272815573,0
1273060998,0
1274209772,0
1274283106,0
1274360676,0
1274887758,0
1275399938,0
1275413550,0
127549365,0
1276338,0
127685374,0
1277130036,0
1277779429,0
1277997835,0
1279207185,0
1279452497,0
1279922883,0
1280326574,0
1281123698,0
1281132907,0
1281187412,0
1281617406,0
1281716818,0
1282090367,0
1282708307,0
1282984514,0
1283139706,0
128322819,0
1283350450,0
1283948299,0
128415011,0
1284551049,0
1284692270,0
128473770,0
128534378,0
1285815102,0
1287137774,0
1287599105,0
128760129,0
1288024296,0
1288083028,0
1288164725,0
1288235950,0
1289291739,0
1289430353,0
1289817070,0
1290135368,0
129024523,0
1290851559,0
1291664322,0
1291843132,0
129209722,0
1292224522,0
1292953870,0
1293152996,0
1293280118,0
12941029,0
1294349518,0
1294404640,0
1294425641,0
1294498545,0
1294967747,0
1295122573,0
1296026079,0
1296158394,0
1296378285,0
1296616398,0
1296705698,0
1297979214,0
129821472,0
1299169709,0
1299437625,0
1299619501,0
1300752555,0
1301030900,0
1301700701,0
1301915877,0
1302063280,0
130210548,0
13022798,0
1302388192,0
1302631485,0
1302863623,0
1303008801,0
130333675,0
1303545427,0
1304019786,0
1304076841,0
1304946705,0
1305851255,0
1305945063,0
1306118272,0
1306242007,0
1307673564,0
1308361192,0
1308712772,0
1308811067,0
1308854999,0
130896653,0
1309569449,0
1309590666,0
1310168063,0
131090356,0
1311553769,0
1311908023,0
1312106331,0
1312332530,0
1312603078,0
1312731404,0
1313426874,0
1314123130,0
1314512504,0
1315244095,0
1315470937,0
1315982675,0
1316186762,0
1316204196,0
1316609064,0
1316644727,0
1317306670,0
1317882125,0
1318012271,0
1318147806,0
1319168929,0
1319689782,0
1320127499,0
1320635088,0
1321225096,0
1321624749,0
1321696706,0
1321858818,0
1322512722,0
132297482,0
1323927568,0
1324100857,0
1324381186,0
1325213280,0
1325850373,0
1326205055,0
1327493309,0
1327774555,0
1328322443,0
1328802193,0
1329023921,0
1329259932,0
1329772894,0
1330314744,0
1330753679,0
1331009800,0
1331215036,0
1331804527,0
1332537675,0
1333013176,0
1333323193,0
1333513152,0
1333545021,0
1333811033,0
1333992399,0
1334762914,0
1335281249,0
1335443111,0
1335544887,0
1335592412,0
1336360883,0
1336389594,0
1336810376,0
1336932904,0
1337078502,0
1337120960,0
134044657,0
1340521330,0
1340593979,0
1341207041,0
1341714481,0
1342868804,0
1343063973,0
1343502374,0
1343567386,0
1343811983,0
1344008167,0
1344448641,0
1344586253,0
1344716673,0
1345065235,0
1345245728,0
1345654845,0
134590404,0
1346237879,0
1347503350,0
1348208306,0
1349180719,0
1349669233,0
1350435525,0
1350879005,0
1351186604,0
1351632859,0
1351904166,0
1351961112,0
1351998743,0
1352181090,0
1353473193,0
1354044881,0
1355862692,0
1356007766,0
1356168880,0
1356327004,0
135642091,0
1356918776,0
135705762,0
135816064,0
1358830044,0
1358974205,0
1359002610,0
1359515169,0
1360170550,0
1360300646,0
1360326854,0
1360402311,0
1360466594,0
1360733521,0
1361016026,0
136155089,0
1362292428,0
1362716105,0
1362822131,0
136297561,0
1362989536,0
1363462618,0
1363565700,0
1363797837,0
1364983245,0
136533490,0
1365951335,0
1365998277,0
1366879861,0
13669521,0
1366978345,0
1367860644,0
1368305183,0
1369498051,0
1369759542,0
1369958580,0
1370551843,0
1370772080,0
1370908966,0
1370980885,0
137125909,0
1371289079,0
1371295798,0
1372148138,0
1372668436,0
1372939585,0
1373056245,0
1373412871,0
1373525850,0
1373993427,0
1374720335,0
1375899592,0
137703328,0
1377072367,0
1377245819,0
1378327367,0
1378437661,0
1378554226,0
1378707340,0
1379155774,0
1379169508,0
1379539742,0
1379768967,0
1379824798,0
1380132238,0
1380260777,0
1380303573,0
1380675396,0
1381448451,0
1381499723,0
1381951281,0
1382153721,0
1382419218,0
1383201916,0
1383490675,0
1383643471,0
1383916122,0
1383943962,0
1384017339,0
1384184338,0
1384490774,0
1384646559,0
1385238075,0
1386193754,0
1386787318,0
1386819002,0
1387075985,0
1387313935,0
1387535498,0
1388113614,0
1388340073,0
1388664511,0
1388805125,0
138905402,0
139000518,0
1390844290,0
1391972105,0
1392908532,0
1393112843,0
1393113906,0
1393464846,0
139364004,0
1393977864,0
1394501149,0
1394944877,0
1395855517,0
1397101285,0
1397632023,0
1397934669,0
1398288110,0
1400163337,0
1401190092,0
1401260814,0
1401453180,0
1401492851,0
1402110978,0
1402939665,0
1403784174,0
1403887773,0
1404157831,0
1404653895,0
1404725415,0
1404894128,0
1405352188,0
1405357357,0
1406423940,0
1406712191,0
1407885779,0
1408309593,0
1408309914,0
1408381258,0
1408809043,0
1409034985,0
140908408,0
1409352707,0
1409795448,0
1409812663,0
1409819982,0
1409834623,0
1410465004,0
1410469104,0
1410622800,0
1411261124,0
1411320904,0
1413109088,0
1414827062,0
1415551121,0
1415878840,0
1415911189,0
1415947776,0
1415985021,0
1416188445,0
1417213302,0
1418151207,0
1418346061,0
1418743667,0
1419737241,0
1420713001,0
1420849171,0
1421347320,0
1421504701,0
1422080351,0
1422189334,0
1422990242,0
1423045565,0
1423495308,0
1424594455,0
1424878708,0
1426139538,0
1426419707,0
1428366870,0
1428421503,0
1428678345,0
1428779146,0
1428927390,0
1429007187,0
1429282372,0
142954907,0
143054339,0
1430680793,0
143086312,0
1430964180,0
1430990548,0
1431269886,0
1431785815,0
143218394,0
1432243469,0
1432892145,0
1432933730,0
14329699,0
1433376354,0
1433691788,0
1434403193,0
1434791325,0
143490047,0
1435121390,0
1435328513,0
1435630017,0
1436142023,0
1436482509,0
1436859218,0
1438500383,0
1438829721,0
1439043900,0
1439119226,0
1439182190,0
1439521782,0
1439676215,0
1440669915,0
1440786471,0
1440793807,0
1440936021,0
1441087922,0
144171772,0
1441784238,0
1441883863,0
1441922145,0
1442380919,0
1442677643,0
1442757180,0
1442977400,0
1443195965,0
1444787435,0
1445218225,0
14464594,0
1446997687,0
1447365896,0
1449001100,0
1449650059,0
1449737778,0
1450458672,0
1451467100,0
1451735209,0
1452361658,0
1452379811,0
1452861350,0
145452470,0
1454539032,0
1454574812,0
1454666803,0
1455018552,0
1455182484,0
145520060,0
1455356970,0
145715195,0
1458455285,0
1458603236,0
1458936125,0
1459243003,0
1459246056,0
1460070291,0
1460169620,0
1460569717,0
1461203988,0
1461864942,0
1462225246,0
1462703823,0
1462817998,0
1463170775,0
1463760928,0
1464067272,0
1464195846,0
1464514902,0
1464708932,0
1465034134,0
1465451180,0
1465861460,0
1466277585,0
1466336547,0
146639315,0
1466475920,0
1466552052,0
146707180,0
1467315489,0
1467504794,0
1467774105,0
1467926978,0
1468498855,0
1468756529,0
1468837100,0
1469204842,0
1469397484,0
1470490836,0
1471965451,0
147247985,0
1472570933,0
1473178642,0
1473251410,0
1473643009,0
1473837408,0
1474802,0
147575332,0
1476140509,0
1477932383,0
1478935003,0
1478952559,0
1478980435,0
1479056032,0
1479278993,0
1479662815,0
147999969,0
1480015090,0
148026391,0
1482745022,0
1483015352,0
148410925,0
1484715800,0
1485059126,0
1485202068,0
1485243196,0
1486005454,0
1486161499,0
1487039870,0
1487875108,0
1488207903,0
1488818130,0
1488897987,0
1489045165,0
1489524392,0
1489736180,0
1490288364,0
1490288902,0
1490625839,0
1490651570,0
1490897298,0
149171657,0
1491755263,0
1491892661,0
1492918944,0
1493463657,0
1493878265,0
1494913704,0
1494979825,0
1495228614,0
1496209271,0
1496403230,0
1496431582,0
1496818965,0
1497112088,0
1497690655,0
1497910262,0
1498112374,0
1498169227,0
1498186855,0
1499101002,0
1499334485,0
1499664523,0
1500504787,0
150118880,0
1501373094,0
1501992544,0
1502235439,0
1502579060,0
1502922499,0
1503406074,0
1503432444,0
1504136393,0
1504335188,0
1505394276,0
1507234262,0
1507486833,0
1508068557,0
1508148479,0
150829925,0
1508354345,0
1508472508,0
1508618122,0
1508620001,0
1508977923,0
150927985,0
1510354639,0
1510914490,0
1510993504,0
1511322652,0
1511962884,0
1512838723,0
1512850495,0
151287602,0
1512952666,0
1513024405,0
1513150371,0
1513205058,0
1513799265,0
1514310552,0
1515153743,0
1515393570,0
1515398187,0
1515410962,0
1516521442,0
1516995529,0
151713753,0
1517727396,0
151860794,0
1518628,0
1518950329,0
1520168665,0
1520337338,0
1520411749,0
1520491105,0
1520792821,0
1521747050,0
1522018871,0
1522299531,0
1522696687,0
1523028462,0
1523056472,0
1523815176,0
1523816365,0
1524065031,0
1525514359,0
1525673866,0
1525718774,0
1525895247,0
1526710922,0
1527135891,0
1527754900,0
1529987878,0
15300104,0
1531401673,0
1532305303,0
1532453604,0
1532574065,0
1532618037,0
1533170890,0
1535753001,0
1536013291,0
1536554162,0
153701520,0
1537295793,0
1537612792,0
1538419481,0
1538735914,0
1538838475,0
1539063785,0
1539077803,0
1539121708,0
1539317937,0
15394025,0
1540321364,0
1541403568,0
1541594952,0
154166047,0
1542174621,0
1542688402,0
1542854880,0
1543187222,0
1543337964,0
1544649896,0
1545376775,0
1545502551,0
1545726270,0
1546030151,0
1546335052,0
1546987078,0
1547132498,0
1547383980,0
1548275506,0
1548384292,0
1548807993,0
1549569005,0
1549752262,0
1549969321,0
1550073112,0
15501420,0
1550321694,0
1550488966,0
1551124200,0
1551955168,0
1554262431,0
1555003570,0
1555358776,0
155607716,0
1556749829,0
1558011585,0
1558111862,0
1558388215,0
1559382509,0
1560371932,0
1560596813,0
1560979740,0
1561964580,0
1562930353,0
1563551205,0
1564077863,0
1564610733,0
1564773163,0
1565659681,0
1565917267,0
1566091785,0
156617626,0
1567215159,0
1567240868,0
1567987915,0
156923482,0
1569292827,0
1569586027,0
1570294420,0
1570996551,0
1571629834,0
1571989859,0
1572077556,0
1572313523,0
1573265064,0
1574093529,0
1574658840,0
1575193398,0
1575699398,0
1575838105,0
1575878213,0
1576075401,0
1576476901,0
1576583373,0
1577081676,0
1577342554,0
1577749325,0
1578003606,0
1578058220,0
1578211263,0
1578389721,0
1580349042,0
1581008259,0
1581277867,0
1581661244,0
1581911837,0
1582641302,0
1583049009,0
1583469297,0
1583575125,0
1584275682,0
1584525412,0
1585175837,0
158600441,0
1586020132,0
1588262518,0
1588391099,0
1588680127,0
1589054049,0
1589504167,0
1589536656,0
1589815086,0
1589818388,0
1590107406,0
1590896438,0
1591270263,0
1591896245,0
1592028463,0
1592142915,0
1593073950,0
1593670014,0
1594680718,0
1596032191,0
1596975846,0
1597037969,0
159728104,0
1597972696,0
1598413478,0
1598640111,0
1599199896,0
1599535626,0
1600289088,0
1600786919,0
1601182773,0
1601435645,0
1602223918,0
1602905225,0
160304623,0
1603564643,0
1604075745,0
1604682698,0
1604827486,0
1604997608,0
1605583525,0
16056728,0
1606256479,0
1606735239,0
1607839214,0
1608162606,0
1608936559,0
1609335109,0
1609533346,0
1610679388,0
1611086980,0
1611412719,0
1611903434,0
1612001071,0
1612378786,0
1614449749,0
1615434918,0
1615579402,0
161634165,0
1617349975,0
1617513368,0
1618392128,0
1618625554,0
1618925523,0
1619163114,0
1619221407,0
1619860105,0
1619916038,0
1620285867,0
1620428700,0
1620546331,0
162074135,0
1620780544,0
1621385832,0
1621723918,0
1623317210,0
1623442846,0
1623956255,0
1623999136,0
1624345201,0
1624372288,0
162470245,0
162473826,0
1624946114,0
1625034248,0
162519695,0
1625745624,0
1626202772,0
1626915631,0
1627335941,0
1628179902,0
1628229717,0
1628413179,0
1629408654,0
1629483578,0
1629630320,0
1629689447,0
1629811500,0
1630776219,0
1631086595,0
1631468294,0
1631711806,0
1632100990,0
1634285282,0
1634326347,0
1634360802,0
1634424569,0
1634480723,0
163451209,0
163476947,0
1635784610,0
1636010620,0
1636236422,0
1636839556,0
1637566181,0
1639452758,0
1639567332,0
1639902716,0
1640268888,0
1641830703,0
1641954963,0
1643809761,0
1644590740,0
1644658450,0
164485476,0
1644902098,0
1645190894,0
1645642446,0
1646024876,0
1646955799,0
164704160,0
1647300577,0
1648296438,0
1648696068,0
1648788779,0
1648850145,0
1648874386,0
1649389583,0
1649578950,0
1649903157,0
1651389423,0
1651583380,0
1651774395,0
1652980170,0
1653291955,0
1654870677,0
1655275723,0
1655348994,0
1655475911,0
1656259852,0
1656399146,0
1656925167,0
1657320721,0
1657929016,0
1657968878,0
1658078764,0
1658184508,0
1658596830,0
1659335465,0
1659962584,0
1660244527,0
166025874,0
1660602691,0
1660661980,0
1660799803,0
1661154530,0
1661430557,0
1661524777,0
1661526202,0
1661638929,0
1661763697,0
1662173870,0
1662268738,0
1662687419,0
166359850,0
1663794609,0
1664392747,0
1665260315,0
1665388352,0
1665430610,0
1665520868,0
1666964510,0
1667198396,0
1668010195,0
1668145206,0
1670185458,0
1671252065,0
1671609576,0
1672768888,0
1673268347,0
1673625048,0
1674295644,0
1675650279,0
1676614556,0
167710205,0
16772170,0
1677283833,0
1677800417,0
167894616,0
1679874568,0
1680042910,0
1680431277,0
168061802,0
1681004836,0
1681182451,0
1681527450,0
1681633280,0
1682023828,0
1682147975,0
1682484424,0
1682593981,0
1683132366,0
1683302272,0
1683825449,0
1684089827,0
168418573,0
1684326948,0
1684933908,0
1685019931,0
1685242429,0
1686360114,0
1686946930,0
1687509482,0
168767737,0
1689485714,0
168971389,0
1690036617,0
1690103774,0
1690638243,0
1691469020,0
1692142371,0
1693072720,0
1693143731,0
169373282,0
1693921711,0
1694030992,0
1694575431,0
1695242036,0
1695279540,0
1695338074,0
1695946599,0
1696258620,0
1696996524,0
1697079567,0
1697222465,0
1697657827,0
1697785095,0
169780169,0
1698542566,0
1699141889,0
1699258551,0
1699600971,0
1699815038,0
1699926293,0
1699985892,0
1700066296,0
1700782638,0
1701344440,0
170141525,0
170304451,0
170324231,0
1703389207,0
1703579897,0
1703761748,0
1705645428,0
1706108287,0
170636008,0
1706429174,0
1706429422,0
1706528456,0
1706713696,0
1706899314,0
1707876109,0
1708616629,0
171128613,0
1711387065,0
1711679486,0
1712287962,0
1713060234,0
1713718675,0
1715044834,0
1715364070,0
1715364074,0
1715443472,0
1715557437,0
1715687089,0
1715793101,0
1716034916,0
1716347823,0
1716526774,0
1716645489,0
1716969091,0
1717221114,0
171737219,0
1717415379,0
1717484811,0
1717798416,0
171810378,0
1719235086,0
1719245626,0
1719433737,0
1719597797,0
1719726780,0
1720208457,0
1720253120,0
1720293161,0
1720454415,0
1720670372,0
1720735340,0
172079595,0
1721503729,0
172176256,0
1721991763,0
1722509757,0
1722759514,0
1723032775,0
1723087216,0
1723127195,0
1723316358,0
1723515721,0
1723732316,0
1723776969,0
1724289263,0
1724299406,0
1726121040,0
1726323286,0
1726812579,0
1727827807,0
1728660440,0
1729926080,0
1731066898,0
1731714122,0
1732695189,0
1733209033,0
1733596939,0
1733612481,0
1733911532,0
1734295674,0
1735813288,0
1735819387,0
173596008,0
1736527312,0
1736532886,0
1736854089,0
1736887256,0
173709392,0
1737668345,0
1738403576,0
1738764422,0
1739802388,0
1740328011,0
1740823378,0
1741209207,0
1741955384,0
1743369462,0
1743489729,0
1743555255,0
1743644366,0
1744142334,0
174440162,0
1744568592,0
1745740570,0
174632671,0
1746627122,0
174665938,0
1747740263,0
1747934768,0
1748740759,0
1748860795,0
1748955950,0
1749512862,0
1749998093,0
1750605999,0
1750651686,0
1750993698,0
1751148179,0
1751474541,0
1751562628,0
1751929672,0
175210054,0
1752203871,0
1752478532,0
1753268302,0
1754092095,0
175496162,0
1755540451,0
1755887993,0
1755961125,0
1756609825,0
1756765333,0
175688626,0
1757430442,0
1757773372,0
1757905171,0
1757957502,0
1757976565,0
1758074328,0
1758611649,0
1759099392,0
1759406556,0
1759818483,0
1760522040,0
1760560295,0
1760782229,0
1761888205,0
176208627,0
1762452214,0
1762520288,0
1762800686,0
1763620369,0
1763883518,0
1764135151,0
1764657278,0
1765523027,0
1765653499,0
176610965,0
1766443401,0
1766534340,0
1767292193,0
1767607190,0
1767609008,0
1768119102,0
1768985902,0
1769065012,0
1769298661,0
1769476908,0
1769603534,0
1769646417,0
1769799537,0
1770019322,0
1770106786,0
177172682,0
1772505459,0
1773683784,0
1773949014,0
1774723599,0
1775136122,0
177550234,0
1775647481,0
1775801651,0
1775813844,0
1776451314,0
1776691317,0
1776713737,0
1777396091,0
1779391530,0
1779689959,0
1780386598,0
1781467903,0
1781550495,0
1781647655,0
1781778742,0
1782053877,0
1782769219,0
1783227362,0
178388505,0
1783998777,0
1784654137,0
1785316234,0
1786190716,0
1786373879,0
1786546007,0
1787166170,0
1788115924,0
1788257639,0
1788393935,0
1788462973,0
1788475055,0
1789035596,0
1789379263,0
1789674628,0
1790237967,0
179172057,0
1791796685,0
1791813636,0
1791845986,0
1792156909,0
1792246519,0
1792578983,0
179274595,0
1793124953,0
1793159751,0
1793898002,0
1794463173,0
1794819627,0
1794934646,0
1795292478,0
1795338519,0
179557243,0
1795671462,0
1795904391,0
179602059,0
1796325099,0
1796633847,0
1797486117,0
1797680186,0
179779377,0
1798318472,0
1798616699,0
1798763550,0
1799121124,0
1799317581,0
1799700929,0
1800167155,0
1800755038,0
1801472008,0
1802083169,0
1803024456,0
1803649716,0
1804722097,0
1805163148,0
180533806,0
1806062532,0
1806978810,0
1807322886,0
180780074,0
1808333342,0
1808636333,0
1809434679,0
1809643885,0
1810181081,0
181020879,0
1810569276,0
1811138058,0
1811447173,0
1811597681,0
1811799403,0
1812243383,0
1812530029,0
18127665,0
1812973892,0
1813996452,0
1814163394,0
1814395807,0
1814422403,0
1815679485,0
1815898226,0
1816130376,0
181652593,0
1816632503,0
1817132723,0
1817257889,0
1818084116,0
1818783494,0
1819063548,0
1819304269,0
1820656773,0
1821157338,0
182217869,0
1823143377,0
1824108386,0
1824522400,0
1824572000,0
1824945831,0
18251110,0
1825538395,0
182597807,0
1826374500,0
182643837,0
1826449212,0
1826501432,0
1826711868,0
1828778344,0
1828920318,0
1829212447,0
1829317537,0
1830620007,0
1831234213,0
1831669972,0
1831684091,0
1831908817,0
1832071910,0
1832091009,0
1832426496,0
1833056456,0
1834871313,0
1835005464,0
1835067453,0
1835099392,0
1835455190,0
1835564874,0
1835654817,0
1836284955,0
1836428949,0
1836595133,0
1837119233,0
1838224308,0
1838686470,0
1838711796,0
1839299575,0
1839726831,0
1839790504,0
184072039,0
1841216352,0
1841261584,0
1841507406,0
1841591861,0
1842229161,0
1843093978,0
1843142280,0
1843620759,0
1843632563,0
1843833141,0
1844551215,0
1844739598,0
1845121712,0
1845769876,0
1846684619,0
1846840995,0
1847968967,0
1849119005,0
1849317504,0
1850082750,0
1850210479,0
1850591968,0
1851032672,0
1851161121,0
1851390140,0
1851898052,0
1852767260,0
1853223684,0
1853276328,0
1853859222,0
1854335056,0
1854574855,0
1854887250,0
1855064415,0
1855661855,0
185567792,0
1855826168,0
1855935175,0
1856167517,0
1856417656,0
18571830,0
1857763337,0
1858289655,0
1859064021,0
1859988202,0
1860710944,0
1861285891,0
1861660050,0
1862166743,0
1862271399,0
1862435137,0
1863453539,0
1863501017,0
1863760997,0
1864620519,0
18648159,0
1865504994,0
1865633574,0
1865737747,0
18657417,0
1865843606,0
1865913355,0
1866698002,0
1867486262,0
1867686081,0
1868044102,0
1868055015,0
1868929278,0
1870037465,0
1870454237,0
1870701794,0
1871043808,0
1871191112,0
1871968542,0
1872192743,0
1872198951,0
1872225344,0
1872804096,0
1873270781,0
1874004596,0
1875657758,0
1876671297,0
1876949337,0
1878582672,0
1878733954,0
1878896337,0
1878955525,0
1878970870,0
1879087982,0
1879296448,0
1880040804,0
1880204801,0
1880398218,0
1880583834,0
1880939208,0
1881764531,0
1882712565,0
188273373,0
1882911072,0
1882922899,0
1883441517,0
1884723388,0
1884798253,0
1884830819,0
1885439679,0
1886082746,0
1886132728,0
1886518658,0
1886807659,0
188702805,0
1889513659,0
1890758946,0
1891060441,0
1891540960,0
189170487,0
1892420880,0
1892458643,0
1892613199,0
1893038040,0
1893068646,0
1894753062,0
1895468753,0
1896442715,0
1897667816,0
1897950727,0
1898096379,0
1898489833,0
1898739617,0
1899472468,0
1899800878,0
1901160328,0
1901341944,0
1901451204,0
1901468420,0
1901510262,0
1902781091,0
1903117847,0
1903754009,0
1903980729,0
1904636663,0
1905116359,0
1905595447,0
1905774586,0
1905853958,0
1906018481,0
1906047568,0
1906128718,0
1906382584,0
190677969,0
1907774691,0
190780422,0
1909294870,0
1909648876,0
1910060762,0
1910316118,0
1914551582,0
1915120001,0
19158067,0
191585691,0
1916098264,0
1916256571,0
1916359061,0
1916369926,0
1917116333,0
1917179195,0
1917587480,0
191762753,0
1918223103,0
1918985323,0
1919474054,0
1919798312,0
1920366592,0
1921190791,0
1921235346,0
1921309861,0
192155472,0
1922746186,0
1922928795,0
192314279,0
192366411,0
1923797563,0
1924495284,0
1924743413,0
1924922539,0
1925239253,0
1925624997,0
1925715598,0
1926320424,0
1926480333,0
1927139239,0
192728586,0
192793377,0
1928407573,0
1928431667,0
1929164473,0
1929846898,0
19300115,0
1930072891,0
1930350882,0
1930910492,0
1931003368,0
1931054738,0
193133108,0
1932085211,0
1932357263,0
1932507138,0
1932557349,0
1933620335,0
1934275056,0
1934424239,0
1934879177,0
1935350799,0
1935360274,0
1935843871,0
1935868295,0
1935914168,0
1936195722,0
1936300233,0
1937030026,0
1937446779,0
1937507851,0
1937614327,0
193843079,0
1938733247,0
1938936784,0
1939361933,0
1940128942,0
1940173727,0
1941149175,0
1941203214,0
1941854038,0
1942313227,0
1944222041,0
1944298104,0
1944510494,0
1944643290,0
1944707401,0
1945751257,0
1945820116,0
1945849426,0
194733581,0
1947346004,0
1947956760,0
1948750016,0
194876550,0
1948972482,0
1949686553,0
1950701043,0
1951039615,0
195176937,0
1952535138,0
1952582653,0
1952721373,0
1952931081,0
1953138312,0
1953257627,0
1953598276,0
1954821193,0
1955490899,0
1955779485,0
1955898931,0
1957001722,0
1958783411,0
1958975304,0
1959174388,0
1959562653,0
1959656681,0
1960821874,0
1960993069,0
1961015312,0
1961054869,0
1961242037,0
1961478761,0
1962871620,0
1964341024,0
1964644389,0
1964692006,0
1965617534,0
1965958838,0
1966128483,0
1966946877,0
1967058693,0
1967517664,0
1967519993,0
1968247852,0
1968266635,0
1968452436,0
1968548956,0
1968713287,0
1968875409,0
1968971812,0
1969603655,0
1971078859,0
1971246791,0
1971921824,0
1972142054,0
1973374818,0
1974334562,0
1974801335,0
1974954382,0
1975499650,0
1976221589,0
1976318031,0
1976397923,0
1976411609,0
1976874664,0
1976898008,0
1977710580,0
1978175507,0
1978423282,0
1978782208,0
1978937101,0
1979414645,0
1979433271,0
1979650817,0
1980354448,0
1980852920,0
1980987289,0
1981376709,0
1981786043,0
1982000617,0
1982411840,0
1982481899,0
1982713983,0
1982715643,0
1983225223,0
1985303186,0
1985678764,0
1985693390,0
198638893,0
1986575526,0
198682017,0
1986989682,0
1987113732,0
1987229111,0
1987249545,0
198867973,0
1988880787,0
1989256535,0
1989353125,0
1990182822,0
1990497735,0
1990609571,0
1990820295,0
1992266152,0
1993266310,0
1993943486,0
1994199906,0
1994642240,0
1995347945,0
1995599794,0
199582827,0
1997083621,0
1997323827,0
1997580295,0
1997833316,0
1998334245,0
1998406927,0
1998574146,0
1999069755,0
1999102785,0
1999108551,0
1999394129,0
2000907542,0
2001017606,0
2001460750,0
200158446,0
2002669790,0
2002725107,0
2003083584,0
200379470,0
2003893450,0
2004361641,0
2004595262,0
2004651893,0
2004887431,0
2004954966,0
2005353626,0
2005425916,0
200552542,0
2005741062,0
2005994164,0
2006751190,0
2007113614,0
2007711771,0
200821018,0
2008705973,0
2008784978,0
2009441891,0
2010134997,0
2011752968,0
2012596362,0
2013016800,0
2013881454,0
2016157485,0
2016386189,0
2016414965,0
2016558091,0
2016646743,0
2017959345,0
2018075399,0
2018282296,0
2019811608,0
2020513924,0
2021536071,0
2022319185,0
2022459192,0
2022788411,0
2023822472,0
2024224666,0
2024244514,0
2025656749,0
2025696150,0
2027287755,0
2027331652,0
2027734887,0
2028882784,0
2028902471,0
2029017299,0
2029088665,0
2029227684,0
20299536,0
2030007913,0
2030187994,0
2031010417,0
2031230651,0
2031983776,0
2032023904,0
2032702391,0
2032750328,0
2032937707,0
2033966709,0
2035164017,0
2035757010,0
2035942736,0
2036013773,0
2036127405,0
2036305444,0
2036676417,0
2036796483,0
2037493679,0
203851739,0
2038770854,0
2038968981,0
2039291759,0
204024042,0
2040453791,0
204093228,0
2041632201,0
2041775030,0
2041930867,0
204307461,0
2043659895,0
2044398089,0
2044671025,0
2044757067,0
2045714087,0
2045964904,0
2047074908,0
2047191062,0
2047270271,0
2048021885,0
2048286171,0
2048730277,0
2048913738,0
2050668718,0
205084535,0
2050966683,0
2051308303,0
2051518722,0
2051598941,0
2051607850,0
2052139341,0
2052538731,0
2052946195,0
2053110098,0
2053632090,0
2053812393,0
20563182,0
2056671932,0
2057052426,0
2057869390,0
2058123042,0
2058169074,0
2059121348,0
2060217906,0
2060547770,0
206114058,0
2061228835,0
2061618436,0
2062250977,0
2062988165,0
2063146040,0
2063861368,0
2065079405,0
2065521590,0
2065597796,0
2065653890,0
2066915886,0
2068030821,0
2068848666,0
2069031822,0
2069090926,0
2069307715,0
2069559649,0
2070104123,0
2071148695,0
2071458107,0
2071870327,0
2072921427,0
2073110408,0
2073538897,0
2073971579,0
2074034074,0
2074392832,0
2075525081,0
207595769,0
2076133881,0
2076290808,0
2076549061,0
2077216136,0
2077509445,0
2077949382,0
2078036577,0
2078043176,0
2078428453,0
20800206,0
2080279159,0
2080997818,0
2082428029,0
2082914130,0
2083322756,0
2083987400,0
2084403564,0
2084710025,0
2085037926,0
2085313955,0
2086986037,0
2087122112,0
2087128303,0
2087137021,0
2087503629,0
2087820569,0
208932047,0
2089427669,0
2089933825,0
2089978295,0
2090283127,0
2091187701,0
2092330285,0
2093148520,0
2093163016,0
2093229209,0
2093261710,0
209390995,0
209395286,0
2094532002,0
2094878137,0
209605935,0
2096410643,0
2096934133,0
2097363955,0
2097399815,0
2097946538,0
2098049448,0
2098427799,0
2098480389,0
209889369,0
209903743,0
2099111512,0
2099188181,0
2100672087,0
2102146521,0
2102336886,0
2103302405,0
2103592881,0
2103795419,0
2103910969,0
2104068675,0
2104667466,0
2105035561,0
2105166580,0
210552520,0
2105636637,0
2106131599,0
210685172,0
2106914826,0
2107604690,0
2108323402,0
2108839581,0
2109432804,0
2109873524,0
2112104574,0
2112712671,0
2112746396,0
2112945760,0
2113185923,0
2113344113,0
2113400099,0
2113499371,0
2114226154,0
2114282803,0
2115123079,0
2115485339,0
2115694605,0
2117536679,0
2117869880,0
2118235342,0
2118374163,0
2118470487,0
211924631,0
2119734908,0
2119844876,0
2119870594,0
2120208059,0
2120275547,0
2120732368,0
2121286737,0
2121436684,0
2122113374,0
2122203860,0
2123713653,0
2124051187,0
2124411076,0
2124648555,0
2125347371,0
2126797141,0
2127289872,0
212785561,0
2128229102,0
2128285437,0
2128778403,0
2128830140,0
2129125521,0
2129284755,0
2129502665,0
2129545217,0
2129562725,0
2129875728,0
2130327925,0
2130511603,0
2130587677,0
213061410,0
2130827916,0
213110317,0
2131632162,0
2131736781,0
2131754884,0
2132603129,0
2133065499,0
2133358742,0
2134491125,0
2134500951,0
2134667434,0
2135670166,0
2136902826,0
2137958766,0
2138025511,0
2138172540,0
2138795995,0
2139164953,0
2139642730,0
2140183437,0
2141278333,0
2141431563,0
2141440420,0
2141849100,0
214212908,0
2142717124,0
2142887401,0
2143419724,0
2143853751,0
214459395,0
2144702563,0
2144912493,0
2144964899,0
2146756668,0
2147116061,0
215084015,0
215827094,0
216243427,0
216491360,0
216887177,0
217105233,0
217123235,0
21719361,0
217449897,0
217840681,0
217879036,0
220032891,0
2203910,0
220400107,0
220695695,0
220893709,0
220913104,0
221368463,0
221982579,0
222060785,0
222306454,0
222472066,0
223241301,0
223301576,0
224128981,0
22423732,0
224330402,0
224762240,0
22505344,0
225068536,0
226040799,0
226960329,0
22776154,0
227954890,0
228342942,0
228353829,0
228376287,0
228550928,0
228646509,0
229396475,0
230592569,0
230613655,0
23134859,0
2315391,0
232867375,0
233011478,0
233175247,0
23324947,0
233825937,0
234117472,0
23412637,0
234411602,0
234531101,0
234729512,0
234895771,0
234974159,0
235082246,0
235483384,0
235497814,0
235840868,0
235864010,0
23611228,0
236573262,0
236801440,0
236967152,0
237189175,0
237387316,0
237608231,0
238016672,0
23882918,0
240793375,0
2408863,0
240945407,0
241071727,0
241413496,0
242009939,0
242192487,0
242344304,0
243470829,0
244093072,0
244138471,0
24467319,0
244948062,0
244979444,0
246711603,0
247784329,0
249926312,0
249928975,0
250077972,0
250300069,0
251824409,0
252523521,0
252893312,0
254422575,0
254960267,0
255113432,0
255883146,0
255961088,0
256731405,0
256736654,0
256765043,0
25711491,0
258814398,0
258827863,0
259349361,0
259846515,0
260126980,0
260570557,0
261094513,0
26141819,0
261573176,0
262324454,0
262838505,0
262917132,0
263278760,0
263546562,0
263859790,0
265214438,0
265337500,0
265526489,0
265554939,0
265714807,0
266335595,0
266485403,0
267014689,0
267743426,0
268941965,0
269223097,0
269624866,0
269671782,0
270444899,0
270781452,0
272474477,0
272506822,0
273038844,0
273375516,0
273661214,0
273908871,0
274647606,0
274713689,0
274776941,0
274826391,0
275358298,0
275618587,0
275739947,0
275984292,0
27621672,0
276265641,0
276267245,0
276991251,0
277199451,0
277385227,0
27769346,0
277861704,0
278015306,0
278061079,0
279382534,0
279894017,0
280193775,0
280345016,0
280707053,0
281111535,0
281205785,0
281243948,0
281433579,0
282013529,0
282541492,0
283729107,0
28413620,0
286172371,0
286415922,0
286494201,0
286601632,0
287724078,0
288128790,0
288944939,0
289234386,0
289628352,0
289697709,0
290157200,0
290340906,0
291111312,0
291446069,0
291542588,0
291612227,0
291616846,0
292393964,0
292863031,0
293685975,0
293894974,0
294414595,0
294923558,0
295043967,0
295724156,0
296327355,0
297550742,0
29808369,0
298096929,0
298609604,0
298652658,0
299038176,0
299836298,0
3007537,0
301231063,0
301666308,0
301977349,0
303285970,0
303389997,0
303874646,0
304588196,0
30476840,0
304854690,0
305180096,0
305886798,0
306421064,0
307285815,0
307689319,0
30847257,0
308644710,0
308761228,0
309547615,0
309754372,0
309880772,0
31119116,0
311733042,0
312247963,0
312327371,0
312413663,0
312443112,0
313472646,0
313491162,0
313562829,0
314766557,0
315324581,0
315554490,0
315807955,0
316354245,0
316457207,0
316601415,0
316910469,0
317359464,0
317810213,0
317947613,0
318052881,0
318604031,0
319435526,0
319991976,0
320084593,0
320558659,0
320587419,0
320957201,0
321286423,0
321771865,0
321777364,0
321973122,0
322554143,0
322938780,0
323842041,0
323942179,0
323979270,0
323992484,0
324061111,0
324239335,0
324303112,0
32463751,0
325296543,0
326123474,0
327774489,0
328493920,0
328997536,0
329519424,0
329685099,0
329743676,0
329869159,0
330250452,0
330602652,0
331139547,0
331454611,0
331741347,0
332130372,0
332468195,0
332565096,0
332705576,0
333634061,0
334202810,0
33458659,0
334815066,0
334863258,0
335200296,0
33548961,0
335539058,0
335600897,0
335774185,0
335972145,0
336555884,0
337181261,0
338730782,0
339776778,0
340085020,0
341489118,0
34157657,0
342144807,0
342856424,0
343486461,0
343506498,0
343649592,0
34440633,0
344926561,0
345748250,0
346081225,0
346208532,0
346454379,0
346693929,0
346695992,0
34684710,0
347404314,0
348525962,0
348585510,0
348929335,0
349115573,0
349166619,0
349261050,0
349276058,0
349967708,0
350231097,0
350576138,0
350715824,0
351214678,0
351226681,0
351808652,0
352103509,0
352245016,0
352546624,0
352797040,0
353149884,0
353434024,0
355918102,0
356409813,0
3567577,0
357270099,0
357935445,0
360191041,0
36201396,0
362281485,0
362663556,0
362723541,0
362944421,0
363148816,0
363690026,0
364057924,0
364427565,0
365663806,0
36579398,0
36586777,0
36637286,0
366672357,0
366913729,0
366999300,0
368165349,0
368205453,0
36964980,0
370342148,0
37068828,0
372572496,0
372572885,0
373389648,0
373751754,0
374003386,0
374476046,0
374519418,0
374744054,0
375269467,0
375817573,0
375866434,0
376012650,0
376077674,0
37623171,0
376259147,0
37655026,0
37754737,0
378272734,0
378388622,0
379319711,0
3798759,0
380135591,0
380254855,0
38030725,0
38115369,0
381446562,0
382475291,0
38357533,0
383644444,0
384021637,0
384028575,0
384986113,0
385456736,0
385652039,0
385689772,0
386521399,0
386524342,0
387147144,0
387543160,0
388327672,0
388967266,0
389045124,0
389063431,0
389342276,0
389376749,0
389641034,0
389854000,0
390086278,0
390431758,0
390599621,0
39060284,0
391398635,0
391645929,0
391993993,0
392695049,0
394405600,0
395493750,0
395941531,0
396656373,0
396930221,0
397475274,0
397482434,0
397579350,0
398498296,0
39936901,0
399915385,0
400068658,0
400447023,0
401389867,0
401597084,0
402443173,0
402841891,0
40296311,0
403499732,0
403693338,0
403813848,0
404086291,0
40458284,0
405968441,0
405986904,0
40611218,0
406419185,0
407704492,0
408159122,0
40875137,0
408908892,0
409181649,0
410286444,0
410697391,0
412307598,0
412582902,0
412850648,0
412882013,0
412897835,0
413098322,0
413909098,0
414725703,0
41520564,0
4156040,0
415819335,0
416387933,0
416703868,0
417046737,0
417438578,0
41792954,0
41862029,0
419064237,0
41936682,0
419757001,0
419997302,0
420197540,0
420608058,0
420662948,0
420737348,0
420797031,0
421414252,0
42204591,0
422469488,0
422598854,0
422823608,0
423111522,0
423834908,0
423958480,0
424084225,0
424907762,0
425874089,0
426342427,0
426515905,0
426734809,0
426755371,0
426759182,0
427233302,0
427417046,0
428377508,0
428449296,0
428961544,0
429014193,0
429876190,0
429922385,0
430788826,0
431032607,0
431246270,0
432161494,0
432451034,0
432604327,0
432642481,0
432656055,0
43266024,0
432852017,0
433294823,0
433726992,0
434814620,0
435280771,0
43542232,0
435601171,0
435625792,0
436194213,0
437787621,0
437879623,0
438037271,0
438510669,0
438855463,0
43945260,0
43954650,0
439649548,0
439840467,0
440200801,0
440277079,0
440622206,0
440954937,0
441554153,0
441985247,0
442262804,0
442566919,0
442785874,0
442897603,0
443271898,0
443729995,0
443801956,0
44433671,0
445030922,0
445201757,0
445697187,0
446325916,0
446460497,0
446829845,0
448582481,0
448717759,0
449337949,0
451389400,0
452872753,0
452952518,0
453062780,0
453279973,0
454111718,0
455169519,0
45549549,0
455763395,0
456111247,0
456530071,0
456760512,0
456824286,0
457158232,0
457367055,0
458107283,0
458245368,0
458424899,0
459168625,0
459297264,0
459658475,0
459754479,0
460246568,0
460662227,0
461189195,0
461654171,0
46207624,0
462147439,0
462215391,0
462370928,0
463095681,0
463951514,0
464120498,0
464221746,0
464739221,0
465855968,0
466609082,0
467241432,0
467395592,0
4678581,0
4681142,0
468969902,0
470147329,0
471089356,0
471141794,0
4715803,0
471640086,0
471819218,0
472000372,0
472001347,0
473253715,0
47395179,0
474717176,0
475951494,0
476130416,0
476418030,0
477514992,0
478406019,0
478693808,0
478819393,0
478877885,0
479589429,0
479924720,0
47997762,0
481161756,0
48241893,0
482610902,0
482835279,0
483544606,0
483673275,0
484087591,0
484209395,0
484959821,0
486320003,0
486521571,0
486582715,0
486870854,0
487089895,0
487738102,0
487872948,0
488216985,0
488543588,0
488745954,0
488957317,0
489905928,0
490232104,0
49077527,0
491051634,0
491383272,0
492124435,0
492503761,0
493266452,0
493626101,0
493998349,0
494013095,0
494508342,0
496852320,0
497129673,0
497424077,0
497484784,0
497525599,0
49764607,0
497759905,0
498224359,0
498658860,0
498752802,0
498982970,0
49898387,0
499839899,0
500109209,0
500619261,0
501063862,0
501669783,0
501996632,0
502042494,0
502089322,0
503302360,0
503477526,0
503678585,0
50414982,0
504867793,0
505481041,0
505679993,0
505902531,0
50626604,0
50639097,0
506599132,0
506602503,0
506634508,0
50675721,0
508514016,0
509054084,0
510005530,0
510037710,0
51014357,0
510516685,0
510713059,0
510866380,0
511478043,0
511821311,0
512063460,0
512130119,0
51236360,0
512972530,0
513430740,0
513780549,0
513902355,0
514456478,0
514526218,0
514626847,0
515406513,0
515532915,0
51662332,0
516673184,0
516756127,0
516982827,0
517152876,0
517401228,0
517730920,0
517805032,0
51802709,0
518415586,0
518535970,0
518723472,0
519167897,0
520592304,0
520976342,0
522226172,0
522488664,0
522902852,0
522977276,0
523381875,0
523408374,0
523525047,0
523659898,0
523714450,0
524129027,0
524200811,0
524275101,0
525293176,0
52592172,0
528330142,0
529973044,0
530078100,0
530272697,0
530592602,0
530798243,0
531332228,0
531629727,0
53165419,0
533458227,0
534163204,0
534535511,0
53465103,0
536218024,0
536690992,0
536929568,0
538265610,0
53852878,0
539787189,0
539838991,0
540365975,0
540496741,0
541784221,0
542877441,0
543457548,0
543483467,0
543698613,0
543768731,0
544179635,0
544333987,0
544483277,0
544605831,0
544632513,0
545287552,0
545684505,0
545971139,0
546046005,0
546068218,0
546706268,0
546880788,0
547276064,0
547282680,0
547501126,0
547906935,0
548045535,0
54815674,0
548744869,0
548793982,0
548838453,0
549315774,0
549403103,0
549652957,0
55019205,0
55019273,0
550495054,0
550744346,0
551360293,0
551466129,0
551902988,0
552347392,0
552560301,0
553100734,0
553354303,0
553471497,0
553671574,0
553824008,0
554163653,0
554459553,0
554653211,0
554661866,0
554860159,0
554931341,0
555157400,0
55588063,0
556229794,0
556473951,0
556524338,0
556883737,0
556987550,0
557603051,0
557650305,0
557911268,0
558686376,0
559665878,0
56084141,0
562203442,0
562418707,0
562947494,0
563673583,0
564092589,0
564107532,0
564131578,0
56427214,0
565051023,0
566389444,0
566417741,0
566436879,0
566778083,0
567053540,0
567142088,0
56764818,0
56766771,0
56775472,0
567868974,0
569685213,0
569815778,0
570820154,0
571834256,0
572311920,0
572355332,0
573510041,0
573555059,0
573845877,0
573908180,0
574004096,0
574168104,0
574210504,0
574427229,0
574825022,0
574932654,0
575115873,0
575653367,0
576176107,0
577108378,0
577458725,0
577671293,0
577760804,0
57837937,0
578822373,0
578887397,0
578908805,0
578942981,0
580521026,0
582237775,0
582984940,0
58325440,0
58360843,0
583804134,0
584172188,0
5845522,0
584681455,0
584730069,0
584811769,0
585000782,0
58542575,0
585631329,0
585632599,0
585794453,0
586623109,0
587942731,0
589267026,0
589599653,0
590127879,0
59115085,0
591351810,0
591724983,0
591748234,0
593905769,0
595300301,0
595515594,0
595878150,0
595948357,0
596148775,0
596188072,0
596712964,0
596902566,0
597680020,0
59899304,0
599282805,0
599800605,0
599844877,0
600302051,0
601681799,0
601783392,0
602420459,0
602717089,0
602991398,0
603615608,0
604033615,0
605820681,0
606531577,0
606897760,0
60696335,0
607384816,0
607858573,0
608124556,0
608724954,0
608751541,0
608829475,0
609026192,0
609044356,0
609214480,0
609563906,0
610641619,0
610989758,0
611239718,0
612314224,0
612593600,0
613241822,0
613508749,0
613752110,0
614316191,0
614616814,0
615206046,0
615301903,0
615355771,0
615547995,0
615633777,0
616723468,0
617652607,0
617923095,0
618661926,0
619122060,0
619556777,0
619870461,0
62025312,0
620552705,0
620920171,0
621121127,0
62150658,0
622215273,0
62249330,0
622534980,0
622762972,0
622931594,0
623111625,0
623652126,0
624087859,0
624353796,0
62449470,0
625189874,0
625969174,0
626368590,0
6264706,0
62649624,0
626625043,0
62680332,0
627181848,0
627257095,0
627565310,0
627700336,0
628454490,0
628595308,0
629087579,0
629392637,0
629603561,0
629712358,0
630155463,0
630365265,0
630603397,0
630735577,0
630770738,0
630924783,0
631558003,0
631674627,0
632722753,0
633082676,0
633481803,0
633631994,0
633784100,0
634523826,0
635521882,0
635528537,0
63625893,0
636475356,0
636553487,0
636930408,0
63713889,0
637521781,0
637628564,0
638038695,0
638074752,0
638139304,0
639591303,0
640694638,0
64078325,0
641814576,0
642130489,0
64239667,0
642484761,0
643786076,0
645040161,0
645087638,0
645328235,0
645444373,0
645671888,0
645838636,0
645908571,0
646558712,0
64688467,0
647024555,0
647125580,0
64718208,0
647817778,0
647855417,0
648116109,0
648918009,0
649050287,0
649359794,0
649890237,0
650343092,0
650538604,0
650575577,0
652057453,0
652565763,0
652628649,0
652851832,0
653042301,0
654182047,0
654343877,0
654641645,0
654661122,0
654754244,0
654861205,0
655588446,0
656090846,0
656151121,0
656802324,0
657647407,0
657962665,0
658287641,0
658418373,0
658732421,0
659908215,0
659974298,0
660469822,0
661609404,0
662470811,0
662564439,0
663008510,0
663119991,0
663386022,0
663896230,0
663953997,0
664150852,0
665110856,0
665191803,0
66540021,0
666003173,0
666071145,0
666560196,0
667329580,0
667807861,0
667896452,0
668002212,0
668282209,0
668710324,0
669244038,0
669255765,0
670451944,0
670924965,0
670969173,0
671457789,0
67196281,0
672023531,0
672124057,0
673681161,0
673841258,0
674223398,0
675716636,0
676142711,0
676332356,0
676850952,0
677651207,0
677885113,0
679397320,0
679554844,0
680542659,0
681152428,0
681200816,0
681324940,0
681511767,0
682683076,0
683424785,0
683551593,0
683768234,0
683879344,0
683989852,0
684010120,0
684020600,0
684469652,0
684712590,0
684803248,0
68507484,0
685113838,0
685291199,0
685305515,0
685365013,0
685792884,0
686556182,0
686802498,0
686840603,0
687472966,0
687964863,0
688177785,0
688371201,0
689039573,0
689570995,0
690163261,0
690465699,0
690611196,0
690788144,0
691454351,0
691956587,0
692031456,0
692055083,0
692437917,0
692475879,0
692818572,0
69340475,0
695985603,0
696048028,0
696878760,0
697051886,0
69758142,0
698018079,0
698221446,0
698539075,0
698710925,0
69930205,0
69983594,0
700130351,0
700498343,0
700953960,0
701732286,0
701867640,0
701977902,0
702792843,0
704203472,0
70454644,0
704612545,0
704851249,0
704948028,0
705850276,0
70586576,0
706971403,0
707012477,0
707321092,0
707967979,0
708384139,0
708425371,0
709856184,0
709926665,0
710964913,0
711484554,0
711758346,0
71197390,0
712621244,0
712931491,0
713037828,0
714014061,0
714218237,0
714228398,0
714397715,0
714616022,0
714760495,0
715086740,0
715420249,0
715591111,0
715655400,0
716158796,0
716259753,0
717552117,0
718387907,0
719635672,0
719728645,0
720150100,0
720184293,0
720873116,0
721288359,0
721851220,0
722341479,0
722489973,0
722660830,0
723248368,0
723987532,0
724012214,0
724035983,0
724278076,0
724696480,0
724750596,0
72475532,0
724991886,0
72552013,0
726822977,0
726824600,0
726943670,0
727060279,0
727331270,0
72772798,0
728175955,0
728264963,0
728516110,0
728533186,0
728624770,0
730145244,0
730534922,0
730785442,0
730798238,0
731792366,0
732183753,0
732279526,0
732966999,0
733406971,0
733432976,0
733592106,0
733612060,0
733747579,0
733964800,0
734576042,0
735446843,0
735643668,0
736340254,0
737499853,0
737634444,0
737865157,0
737911371,0
738420035,0
738541210,0
738828742,0
738831382,0
738981862,0
739032019,0
739056634,0
739152196,0
739166321,0
739177337,0
739433136,0
739921517,0
740159625,0
740333059,0
740873186,0
74205498,0
742112668,0
743212389,0
743750398,0
743780663,0
743967179,0
744248278,0
744429124,0
74446418,0
744672527,0
745584428,0
745833075,0
746463163,0
746610732,0
746709172,0
746808252,0
747006133,0
747151025,0
748317851,0
749864100,0
750436950,0
75096270,0
751220642,0
751564815,0
751660661,0
753167235,0
753479292,0
75464333,0
754671748,0
755399254,0
757210736,0
757229442,0
757249530,0
758998850,0
759238783,0
75963900,0
760818742,0
761245986,0
762057975,0
762138217,0
762441093,0
762469354,0
76248049,0
762501976,0
762802287,0
763399656,0
763412178,0
764592471,0
765116390,0
765173266,0
765224352,0
765388699,0
765687413,0
766124910,0
766202079,0
766337533,0
766739031,0
767529410,0
767647284,0
768744818,0
769004776,0
769353991,0
769421932,0
769716639,0
76993562,0
769998386,0
770206605,0
770234713,0
770323981,0
770677681,0
770729323,0
771072361,0
771136745,0
771430463,0
772100527,0
772270326,0
772722335,0
773069438,0
773264874,0
773697018,0
775397964,0
77595713,0
776266493,0
776350546,0
777658980,0
77798017,0
77854924,0
779616322,0
779657796,0
780886026,0
782147700,0
782265140,0
782387760,0
782520545,0
782828747,0
782907536,0
783881111,0
784075537,0
784274474,0
784363033,0
784562384,0
785130595,0
785495361,0
786352679,0
786584481,0
786626858,0
78691384,0
786985123,0
786987780,0
7873707,0
787991914,0
788425745,0
788570512,0
788841127,0
788996498,0
789035510,0
789231829,0
789418909,0
789491002,0
789558666,0
789985701,0
790080592,0
790154837,0
790990371,0
791154774,0
791294581,0
791309697,0
792226008,0
79229424,0
792358249,0
792431423,0
792482742,0
793266230,0
793689486,0
794549235,0
795021119,0
795060635,0
795173140,0
795714457,0
795720720,0
795919811,0
796327850,0
796691823,0
7974921,0
797565206,0
797705280,0
79788076,0
798471705,0
798788267,0
799724217,0
800033622,0
800146175,0
800663307,0
80128958,0
80182473,0
802013794,0
802516447,0
803075067,0
803248171,0
803313602,0
803452652,0
803565075,0
803684433,0
803694340,0
804423051,0
804510450,0
804726806,0
804757084,0
804816280,0
80520828,0
805800861,0
806115854,0
806195511,0
806952878,0
80878937,0
809229362,0
809794116,0
810606105,0
81077420,0
811936110,0
812431634,0
812504494,0
813456354,0
813770110,0
814532752,0
816469330,0
817368728,0
817419663,0
818745135,0
81919033,0
82002379,0
820556746,0
82083822,0
821432920,0
823304341,0
82393996,0
824171365,0
825473294,0
825599858,0
82598279,0
826404997,0
826873394,0
826960749,0
827256751,0
82780278,0
828055854,0
828410838,0
829021178,0
829203170,0
829242110,0
829372910,0
830225602,0
830585035,0
830766852,0
831197278,0
831582761,0
831662462,0
831790523,0
832114783,0
832200317,0
832898657,0
832906312,0
832911243,0
833277203,0
833533222,0
833566638,0
833791466,0
834080153,0
835761629,0
836037627,0
836120132,0
83637460,0
836695247,0
837714708,0
837799456,0
838534055,0
838665652,0
839159048,0
839379496,0
839626541,0
840111436,0
840597788,0
840893892,0
841139927,0
841404878,0
841601279,0
841881642,0
841977836,0
842068125,0
842952211,0
843087972,0
843609477,0
843661980,0
845745237,0
845771247,0
846589870,0
846744181,0
847443692,0
848095710,0
848387591,0
849013877,0
84914004,0
849612848,0
850248956,0
850332425,0
850397684,0
850487530,0
851112541,0
851449262,0
852811658,0
852999346,0
853074699,0
853135326,0
853592921,0
853693902,0
854148244,0
854805424,0
855376433,0
85572606,0
855797438,0
856432538,0
856548783,0
858346123,0
858369576,0
85896253,0
858996605,0
859056629,0
860153809,0
860288,0
860384929,0
861038294,0
861733112,0
861774531,0
86227930,0
862650959,0
862803892,0
862820025,0
863759909,0
864108688,0
86469776,0
865103237,0
865105594,0
865454576,0
866152378,0
86715791,0
867348527,0
867963258,0
868098168,0
86876337,0
868971202,0
869012352,0
869834621,0
871041901,0
87150975,0
871669460,0
871806722,0
872010061,0
872439550,0
872670757,0
873475199,0
873833771,0
874026157,0
874290922,0
874843071,0
875009741,0
875149448,0
87667667,0
876859747,0
877657218,0
878567731,0
879018791,0
879206669,0
879769410,0
879890546,0
880035963,0
88044166,0
880732047,0
881688715,0
882513839,0
883117492,0
883647784,0
884063619,0
885485944,0
886269961,0
886429485,0
887141332,0
887196696,0
887534478,0
887950088,0
888038952,0
888160053,0
888261646,0
888587347,0
888807075,0
889325006,0
8898882,0
89137752,0
892360563,0
892510845,0
892611192,0
893068464,0
893832586,0
89401161,0
894222453,0
894451685,0
894546161,0
894657888,0
894894205,0
895097268,0
895223493,0
895330083,0
895873357,0
896964180,0
897209255,0
897392908,0
898658420,0
898737455,0
898958179,0
899236930,0
900589615,0
901530176,0
902806546,0
903980536,0
903995114,0
904100228,0
904171255,0
904186687,0
904364008,0
90519942,0
905552224,0
905796118,0
907406308,0
907551613,0
907590804,0
907622973,0
907638397,0
908386394,0
908891261,0
909234048,0
909329074,0
909523960,0
909558361,0
909893398,0
910761862,0
910991764,0
911096051,0
911674118,0
912022606,0
912650492,0
913422950,0
914253765,0
914332630,0
915222064,0
916318522,0
916486479,0
9165248,0
916642023,0
916716032,0
917809446,0
91840882,0
918796208,0
919097664,0
919268766,0
919286913,0
919396024,0
920228282,0
920981063,0
92101527,0
921049132,0
921110033,0
921604428,0
92161345,0
921680490,0
922141654,0
922470018,0
922559540,0
923552496,0
924864353,0
924930242,0
925284393,0
925330007,0
9257549,0
92595112,0
926132572,0
927335779,0
928108227,0
928575366,0
929039412,0
929146984,0
929460995,0
929686027,0
92969561,0
930407677,0
931169027,0
93130501,0
931996112,0
932111221,0
932220519,0
932704587,0
933014297,0
933447260,0
933459350,0
934253327,0
934683322,0
935317037,0
935633255,0
935947562,0
935979331,0
936112261,0
936156342,0
93645337,0
936606331,0
937159886,0
937339161,0
938314546,0
938703974,0
938790217,0
938925165,0
939059785,0
939271591,0
939371377,0
939884834,0
941679734,0
941881769,0
941956643,0
942573033,0
943146683,0
94316167,0
943211267,0
944197169,0
945792830,0
94610879,0
946277816,0
946870404,0
947537520,0
948018719,0
948098907,0
949824611,0
949966037,0
950058375,0
950555280,0
950943018,0
951055471,0
951925053,0
951925169,0
952853969,0
952890580,0
953184598,0
954107373,0
954192065,0
954642155,0
954693127,0
954980699,0
955142815,0
955629874,0
955783283,0
956090756,0
956150342,0
956399703,0
956485344,0
956740065,0
957159587,0
957392789,0
957895748,0
958645405,0
958742619,0
958884312,0
959362719,0
959540478,0
959565650,0
961444972,0
961467028,0
962930883,0
96326337,0
963700576,0
963879097,0
964743728,0
965465651,0
965477863,0
96603778,0
966319983,0
967143426,0
967209543,0
967707155,0
968166472,0
968459472,0
96932117,0
970349147,0
970365099,0
971384298,0
971806068,0
972026793,0
972612114,0
972707061,0
972862949,0
972880937,0
974071693,0
974803775,0
975227813,0
97549718,0
975765676,0
976096225,0
977019835,0
977069879,0
978068035,0
97827749,0
979002486,0
979909839,0
980327411,0
980434852,0
980673729,0
980720229,0
981231524,0
982502730,0
983288274,0
983938571,0
984514246,0
984566771,0
984750747,0
984887289,0
985538416,0
985937437,0
986016887,0
987007987,0
98762415,0
989089141,0
989199033,0
989224901,0
989371228,0
989967752,0
990500059,0
990683783,0
991269912,0
991366096,0
991653568,0
991785030,0
992399759,0
99245495,0
992606804,0
993635540,0
993854483,0
994270189,0
994432064,0
995198002,0
995552581,0
996465465,0
996644458,0
996704281,0
997630809,0
998072137,0
998136924,0
99975682,0
